,official,all valid
biedron,2.2245829788509,2.0228483190913
bosak,6.78136779580412,6.75294764254027
duda,43.5023228273371,47.2603889560849
holownia,13.8653193605736,13.3041077247209
jakubiak,0.173224922025876,0.169670548251231
kosiniak,2.36475776567495,2.57126779942384
piotrowski,0.108442538633394,0.110110128823242
tanjano,0.143675424197456,0.137217036598064
trzaskowski,30.4620110317439,27.3246229803017
witkowski,0.140488814588433,0.123084055716847
zoltek,0.233806540570276,0.223734808447634
