biedron,bosak,duda,holownia,jakubiak,kosiniak,piotrowski,tanajno,trzaskowski,witkowski,zoltek
2.0228483190913016,6.752947642540272,47.26038895608494,13.30410772472094,0.16967054825123057,2.571267799423838,0.11011012882324239,0.1372170365980644,27.32462298030169,0.12308405571684684,0.22373480844763413
